N,SOA,Acc,Acc_lo,Acc_hi,Conf_mean,Conf_lo,Conf_hi,IgnLat_mean,IgnLat_lo,IgnLat_hi,Trials
32,0,0.8,0.37553462976252533,0.9637758913675698,0.277805558189973,0.26849979313167577,0.2839636816279465,,,,5
32,1,1.0,0.5655175352168251,1.0,0.28059955988738466,0.26463114930071735,0.29469777836527256,,,,5
32,2,0.6,0.2307242812760128,0.882379225767352,0.28039605962384573,0.2655082153950231,0.29847437629636026,,,,5
64,0,0.2,0.03622410863243014,0.6244653702374747,0.26257707370253475,0.24635701874325594,0.28072617960906304,,,,5
64,1,0.6,0.2307242812760128,0.882379225767352,0.2626609518146455,0.25659557340420214,0.2678700394878167,,,,5
64,2,0.8,0.37553462976252533,0.9637758913675698,0.25049431893261576,0.24009185810695807,0.25993339259743564,,,,5
