{
  "n": 360,
  "AUC": 0.5509370015948962,
  "AUC_CI95": [
    0.49448351016176395,
    0.6105727304377462
  ],
  "p_value": 0.10118675827607745,
  "effect_size": 1.6441768028645802,
  "ECE": 0.359209018722645,
  "orientation": "inverted",
  "significant": false
}