N,SOA,Acc,Acc_lo,Acc_hi,Conf_mean,Conf_lo,Conf_hi,IgnLat_mean,IgnLat_lo,IgnLat_hi,Trials
64,0,0.4166666666666667,0.19326031365875665,0.6804886874504503,0.24657918335673523,0.237803109443957,0.2561305366484449,3.6666666666666665,2.3312500000000003,5.25,12
64,1,0.3333333333333333,0.13812009109121315,0.6093779111272004,0.255756786669847,0.24771089856688785,0.263988885787278,9.166666666666666,5.664583333333334,12.668749999999998,12
64,2,0.4166666666666667,0.19326031365875665,0.6804886874504503,0.25266181298375284,0.24287496370172826,0.2621619596743618,4.9,1.6,9.3,12
64,3,0.6666666666666666,0.39062208887279953,0.8618799089087867,0.24959513352467502,0.24581578600787482,0.2536006283018342,6.666666666666667,4.164583333333334,9.25,12
64,4,0.6666666666666666,0.39062208887279953,0.8618799089087867,0.25299367691557256,0.24624253638132612,0.2595261159587547,5.166666666666667,2.4166666666666665,8.666666666666666,12
64,6,0.5,0.2537815976337061,0.7462184023662939,0.2545003597356887,0.24840502079986915,0.2610592691853496,5.666666666666667,3.1666666666666665,8.085416666666665,12
64,8,0.4166666666666667,0.19326031365875665,0.6804886874504503,0.25893725043409116,0.25444230290114317,0.2641029732119987,2.4166666666666665,1.4145833333333335,3.6666666666666665,12
64,10,0.75,0.46769466506643426,0.9110583316059453,0.24995960572097217,0.24228543337496855,0.258581009263251,5.909090909090909,2.8159090909090914,9.274999999999999,12
64,12,0.8333333333333334,0.5519691377470266,0.9530348578161463,0.25273114406141234,0.24713033073194324,0.25885570437404737,5.0,1.815909090909091,8.54772727272727,12
