{
  "n": 360,
  "AUC": 0.5490013855564189,
  "AUC_CI95": [
    0.4843573158486993,
    0.6122465118866002
  ],
  "p_value": 0.11242973141786383,
  "effect_size": 1.5647188134415912,
  "ECE": 0.23394749627324174,
  "orientation": "normal",
  "significant": false
}