{
  "n": 360,
  "AUC": 0.5954341188981506,
  "AUC_CI95": [
    0.5345763559499548,
    0.6521477479653734
  ],
  "p_value": 0.0018738288569643974,
  "effect_size": 2.9935101414087053,
  "ECE": 0.31767159362205616,
  "orientation": "inverted",
  "significant": true
}