N,SOA,Acc,Acc_lo,Acc_hi,Conf_mean,Conf_lo,Conf_hi,IgnLat_mean,IgnLat_lo,IgnLat_hi,Trials
64,0,0.4166666666666667,0.19326031365875665,0.6804886874504503,0.24475516438324818,0.23546502753603335,0.25502373325750105,4.416666666666667,2.75,6.916666666666667,12
64,1,0.25,0.08894166839405471,0.5323053349335657,0.25893014072890574,0.24954327295593526,0.26883026263342624,7.75,4.75,11.416666666666666,12
64,2,0.5,0.2537815976337061,0.7462184023662939,0.25342433933102415,0.24413392871557582,0.2615716712275364,6.181818181818182,2.6340909090909093,9.909090909090908,12
64,3,0.6666666666666666,0.39062208887279953,0.8618799089087867,0.2510244953221444,0.2466839311904515,0.2557554066444525,6.333333333333333,3.5833333333333335,9.166666666666666,12
64,4,0.75,0.46769466506643426,0.9110583316059453,0.25430377952721467,0.2472341766135565,0.26211188285176756,5.666666666666667,2.5833333333333335,9.335416666666665,12
64,6,0.4166666666666667,0.19326031365875665,0.6804886874504503,0.25052681614369515,0.24248024963732873,0.25764992020702054,6.0,3.75,8.335416666666665,12
64,8,0.5,0.2537815976337061,0.7462184023662939,0.25847135934465537,0.25410129166016493,0.2629551803069325,2.6666666666666665,1.5,4.166666666666667,12
64,10,0.6666666666666666,0.39062208887279953,0.8618799089087867,0.24653903830962756,0.24038274249437105,0.25404065662005504,7.1,3.4,10.7,12
64,12,0.8333333333333334,0.5519691377470266,0.9530348578161463,0.25372516816398877,0.24838974256815943,0.2594982602319392,5.090909090909091,1.2727272727272727,9.363636363636363,12
