type,x,value
structure_best,p=0.400,2.0
size,N=32,4.970896717521424
size,N=64,5.437099217560323
size,N=128,5.1062795352451005
size,N=256,6.46
size,N=512,8.0
