N,SOA,amp_t,amp_m,Acc,Acc_lo,Acc_hi,Trials
64,0,0.35,3.6,0.6,0.357468301206246,0.8017550385865841,15
64,0,0.35,3.8,0.4666666666666667,0.24809535365737387,0.698830199745016,15
64,0,0.35,4.0,0.6666666666666666,0.41713547738519763,0.8482367556028527,15
64,0,0.3,3.6,0.7333333333333333,0.4804956594401943,0.8910254667430761,15
64,0,0.3,3.8,0.5333333333333333,0.30116980025498397,0.7519046463426261,15
64,0,0.3,4.0,0.4666666666666667,0.24809535365737387,0.698830199745016,15
64,0,0.25,3.6,0.8,0.5481455128483065,0.9295245065301844,15
64,0,0.25,3.8,0.4666666666666667,0.24809535365737387,0.698830199745016,15
64,0,0.25,4.0,0.6666666666666666,0.41713547738519763,0.8482367556028527,15
