N,SOA,Acc,Acc_lo,Acc_hi,Conf_mean,Conf_lo,Conf_hi,IgnLat_mean,IgnLat_lo,IgnLat_hi,Trials
64,0,0.5833333333333334,0.31951131254954973,0.8067396863412435,0.24829235597471003,0.242149943811472,0.25670747140007016,5.166666666666667,2.75,7.754166666666663,12
64,1,0.5833333333333334,0.31951131254954973,0.8067396863412435,0.24838711065551058,0.240666927546501,0.2557565936422312,5.6,2.9,9.002499999999998,12
64,2,0.4166666666666667,0.19326031365875665,0.6804886874504503,0.2598153397928704,0.24973767998482313,0.26922074727750833,3.0,1.0833333333333333,4.916666666666667,12
64,3,0.6666666666666666,0.39062208887279953,0.8618799089087867,0.252606101690586,0.24534696982343332,0.26023228818079047,10.7,7.6,13.802499999999998,12
64,4,0.75,0.46769466506643426,0.9110583316059453,0.25484544918283103,0.24511018669252368,0.26589428222281947,4.909090909090909,2.4545454545454546,7.454545454545454,12
64,6,0.5833333333333334,0.31951131254954973,0.8067396863412435,0.257842180909002,0.2496091195500342,0.2671498030396717,6.818181818181818,2.8159090909090914,11.365909090909089,12
64,8,0.6666666666666666,0.39062208887279953,0.8618799089087867,0.2604586260988641,0.2498396379712526,0.27113317316908964,4.416666666666667,1.5833333333333333,7.75,12
64,10,0.5833333333333334,0.31951131254954973,0.8067396863412435,0.2579277347599245,0.2515455742361675,0.26642115876307826,9.75,6.747916666666667,13.25,12
64,12,0.75,0.46769466506643426,0.9110583316059453,0.2521605886100587,0.24621312252802394,0.25883016826044164,3.9,1.7,6.402499999999998,12
