{
  "n": 360,
  "AUC": 0.5650628758884634,
  "AUC_CI95": [
    0.5033102214316234,
    0.62742605356822
  ],
  "p_value": 0.03685196752029981,
  "effect_size": 2.079013529684668,
  "ECE": 0.337775392145456,
  "orientation": "inverted",
  "significant": true
}