N,SOA,Acc,Acc_lo,Acc_hi,Conf_mean,Conf_lo,Conf_hi,IgnLat_mean,IgnLat_lo,IgnLat_hi,Trials
64,0,0.6666666666666666,0.39062208887279953,0.8618799089087867,0.25010314024347985,0.24205481680786595,0.25842935012792745,5.166666666666667,2.6666666666666665,8.25,12
64,1,0.5,0.2537815976337061,0.7462184023662939,0.24727190945093094,0.23888999392133473,0.2554839189119298,4.9,2.0,8.3,12
64,2,0.5,0.2537815976337061,0.7462184023662939,0.2600706899757506,0.2498701790956449,0.2690994488957264,3.6666666666666665,1.25,6.666666666666667,12
64,3,0.6666666666666666,0.39062208887279953,0.8618799089087867,0.25474121875952466,0.2472167970348856,0.26121508978002816,8.7,5.2975,11.8,12
64,4,0.75,0.46769466506643426,0.9110583316059453,0.2546261730736288,0.24513675883638883,0.2650390147325416,4.454545454545454,2.272727272727273,6.729545454545453,12
64,6,0.5833333333333334,0.31951131254954973,0.8067396863412435,0.256233652156898,0.24847981311918696,0.26695878687513813,7.545454545454546,3.8159090909090914,12.002272727272725,12
64,8,0.5833333333333334,0.31951131254954973,0.8067396863412435,0.25932284080169604,0.2491670642758344,0.2707167294108433,6.0,2.997916666666667,9.752083333333331,12
64,10,0.5833333333333334,0.31951131254954973,0.8067396863412435,0.2586026706052897,0.25208528748211445,0.26626437692462845,8.916666666666666,5.666666666666667,12.416666666666666,12
64,12,0.8333333333333334,0.5519691377470266,0.9530348578161463,0.25103353505496834,0.24512749056694816,0.2571328251394824,3.8,1.7,6.3024999999999975,12
