N,Threshold50_linear,Threshold50_logistic,Threshold50_lo,Threshold50_hi,LogisticSlope,Pattern,Modules,InterFrac,GW_tau,GW_theta,DegreeFrac,RewireP,Sync_mean
64,0.6666666666666666,0.907563025210084,0.09661016949152545,3.7677966101694915,7.200000599999999,small_world,4,0.05,0.9,0.55,0.38,0.5,0.6035353535353535
