N,SOA,Acc,Acc_lo,Acc_hi,Conf_mean,Conf_lo,Conf_hi,IgnLat_mean,IgnLat_lo,IgnLat_hi,Trials
64,0,0.4166666666666667,0.19326031365875665,0.6804886874504503,0.24494618237191687,0.23973021407960504,0.25040897852540395,4.916666666666667,2.9166666666666665,6.75,12
64,1,0.4166666666666667,0.19326031365875665,0.6804886874504503,0.25752900210370483,0.247044126464618,0.2687427043034915,6.333333333333333,4.0,8.583333333333334,12
64,2,0.3333333333333333,0.13812009109121315,0.6093779111272004,0.25678484444304633,0.2494717530108436,0.26443901461181374,4.833333333333333,2.4166666666666665,7.252083333333331,12
64,3,0.4166666666666667,0.19326031365875665,0.6804886874504503,0.2548102283558858,0.24836839889493195,0.26114531111457273,6.0,3.75,9.0,12
64,4,0.6666666666666666,0.39062208887279953,0.8618799089087867,0.25041616663444444,0.24340212203810774,0.2585073559064886,6.0,3.4545454545454546,8.638636363636362,12
64,6,0.6666666666666666,0.39062208887279953,0.8618799089087867,0.26294645765201724,0.2518511159458563,0.27806352849456895,6.090909090909091,3.090909090909091,9.731818181818177,12
64,8,0.5833333333333334,0.31951131254954973,0.8067396863412435,0.24965253569727222,0.24346824490063831,0.25559265718940594,5.583333333333333,2.997916666666667,8.668749999999998,12
64,10,0.6666666666666666,0.39062208887279953,0.8618799089087867,0.25230423652979866,0.2480852141306643,0.2566318276080615,4.0,2.0,6.8,12
64,12,0.6666666666666666,0.39062208887279953,0.8618799089087867,0.25810941742672916,0.2501355800815046,0.2659709799694154,5.083333333333333,2.8312500000000003,7.42083333333333,12
