Pattern,ModelThreshold
small_world,1.80981933691735
line,2.213470234237323
modular,2.5391512668353036
random,2.531963183110241
