Pattern,BootMean,BootLo,BootHi,Nboots
line,2.321764705882353,1.5445378151260503,3.1596638655462184,800
modular,2.6179831932773108,1.8823529411764706,3.3630252100840323,800
random,2.5793277310924365,1.815126050420168,3.361344537815126,800
small_world,2.044117647058824,1.2100840336134453,2.8235294117647056,800
