N,SOA,Acc,Acc_lo,Acc_hi,Conf_mean,Conf_lo,Conf_hi,IgnLat_mean,IgnLat_lo,IgnLat_hi,Trials
64,0,0.5,0.2537815976337061,0.7462184023662939,0.24299218686657797,0.23487761950203145,0.25252311328536997,7.75,4.833333333333333,10.835416666666665,12
64,1,0.5,0.2537815976337061,0.7462184023662939,0.2599199677655592,0.2504231229354494,0.27066714560766264,3.9166666666666665,2.1666666666666665,6.0,12
64,2,0.4166666666666667,0.19326031365875665,0.6804886874504503,0.256862783007975,0.2473929567514137,0.26635243424789623,4.181818181818182,2.090909090909091,6.636363636363637,12
64,3,0.4166666666666667,0.19326031365875665,0.6804886874504503,0.24691171541963808,0.24279684029891782,0.25194773878621046,6.3,4.397500000000001,8.502499999999998,12
64,4,0.9166666666666666,0.646120088858883,0.9851349055950829,0.2468564355525049,0.24235359747458365,0.25233806198590186,4.636363636363637,2.909090909090909,6.545454545454546,12
64,6,0.9166666666666666,0.646120088858883,0.9851349055950829,0.25456928044231497,0.24496109180243533,0.26483027625657385,8.333333333333334,5.247916666666667,11.666666666666666,12
64,8,0.3333333333333333,0.13812009109121315,0.6093779111272004,0.25465955453931005,0.2469558806273325,0.262928866907826,3.090909090909091,1.6340909090909093,4.636363636363637,12
64,10,0.6666666666666666,0.39062208887279953,0.8618799089087867,0.25428641814181313,0.2477654473114298,0.261367828511872,6.545454545454546,3.727272727272727,9.454545454545455,12
64,12,0.8333333333333334,0.5519691377470266,0.9530348578161463,0.25409944456761163,0.24640575688359245,0.2619772768671236,6.916666666666667,3.5812500000000003,10.416666666666666,12
