N,SOA,Acc,Acc_lo,Acc_hi,Conf_mean,Conf_lo,Conf_hi,IgnLat_mean,IgnLat_lo,IgnLat_hi,Trials
64,0,0.4166666666666667,0.19326031365875665,0.6804886874504503,0.24567460322219514,0.2406154888436492,0.2509074532822064,7.333333333333333,4.416666666666667,10.666666666666666,12
64,1,0.5,0.2537815976337061,0.7462184023662939,0.25224900598413774,0.24183526723357426,0.2625750472199326,7.2,3.5,11.604999999999995,12
64,2,0.75,0.46769466506643426,0.9110583316059453,0.2584058738974922,0.2496738408192209,0.2663576865668053,2.6363636363636362,1.1795454545454547,4.2727272727272725,12
64,3,0.5,0.2537815976337061,0.7462184023662939,0.25229851570652406,0.24693248636497914,0.25848502765654197,5.9,2.7,9.004999999999995,12
64,4,0.9166666666666666,0.646120088858883,0.9851349055950829,0.2549120675932552,0.2463273003280333,0.2658031824102586,5.166666666666667,2.6666666666666665,7.8354166666666645,12
64,6,0.6666666666666666,0.39062208887279953,0.8618799089087867,0.2491924530690781,0.2427455253228425,0.2561821661581199,6.545454545454546,4.090909090909091,9.0,12
64,8,0.8333333333333334,0.5519691377470266,0.9530348578161463,0.2500896192256364,0.24185604614670367,0.2577222282999207,4.181818181818182,2.272727272727273,6.545454545454546,12
64,10,0.75,0.46769466506643426,0.9110583316059453,0.2572181209199352,0.24936616089717423,0.26503994130399733,6.909090909090909,3.272727272727273,10.909090909090908,12
64,12,0.75,0.46769466506643426,0.9110583316059453,0.2495141674138436,0.24443244487771779,0.25507548067427793,8.5,5.0,12.087499999999997,12
