N,SOA,Acc,Acc_lo,Acc_hi,Conf_mean,Conf_lo,Conf_hi,IgnLat_mean,IgnLat_lo,IgnLat_hi,Trials
64,0,0.45714285714285713,0.3046601928840721,0.6181027493151624,0.25092071482103157,0.2458961462219101,0.2565096111344132,5.617647058823529,4.088235294117647,7.207352941176462,35
64,1,0.42857142857142855,0.2798456817718068,0.5914258885602508,0.25019359616260156,0.24541827338227648,0.2549081179003768,7.7272727272727275,5.7272727272727275,9.696969696969697,35
64,2,0.6285714285714286,0.4633693684359532,0.7683418049663429,0.25343578194831085,0.2490704369033561,0.2581564785602949,6.294117647058823,4.352941176470588,8.264705882352942,35
64,3,0.6,0.435727090128925,0.7444927114061941,0.2508046114933859,0.24703302265640098,0.2545998028735074,5.911764705882353,4.204411764705883,7.765441176470584,35
64,4,0.6285714285714286,0.4633693684359532,0.7683418049663429,0.25305451691551845,0.24833446074536175,0.25787627460263834,5.424242424242424,3.6053030303030305,7.303030303030303,35
64,6,0.5428571428571428,0.38189725068483754,0.6953398071159278,0.25180220465715253,0.24690950505084558,0.25682753285858784,7.75,5.87421875,9.6875,35
64,8,0.6,0.435727090128925,0.7444927114061941,0.2547209624126377,0.25007137955828684,0.26057772723784395,3.7,2.5991666666666666,4.9,35
64,10,0.7428571428571429,0.5793069315616084,0.8583697293093955,0.25340719420766183,0.2491501158249698,0.25781697136431875,6.484848484848484,4.786363636363637,8.212878787878784,35
64,12,0.6571428571428571,0.4915194951399626,0.7916830501295105,0.25255826461831127,0.24796652487382126,0.2570063738275691,6.484848484848484,4.453787878787878,8.727272727272727,35
