N,SOA,Acc,Acc_lo,Acc_hi,Conf_mean,Conf_lo,Conf_hi,IgnLat_mean,IgnLat_lo,IgnLat_hi,Trials
32,0,0.75,0.5980603857923197,0.858128813609037,0.28262017596788225,0.27664933829741256,0.28893415867737937,,,,40
32,1,0.675,0.5201774618987768,0.799154977682173,0.2802209530215456,0.2761684057071344,0.2844958939938494,,,,40
64,0,0.7,0.5456998118185507,0.8192515477025347,0.25534500883949607,0.2513505050004229,0.25979815058086886,,,,40
64,1,0.75,0.5980603857923197,0.858128813609037,0.2579876602759506,0.25406833077316343,0.262032789940059,,,,40
128,0,0.775,0.6249690325768998,0.8768390867645927,0.2428968816285571,0.23959340845960134,0.24643223042614706,,,,40
128,1,0.9,0.7694822477247771,0.9604204713173936,0.2420766933576292,0.23957678126430104,0.24472209278335658,,,,40
256,0,0.8,0.652426936536005,0.895000102745623,0.22764032511507565,0.22533316417100344,0.23008064889203578,,,,40
256,1,0.75,0.5980603857923197,0.858128813609037,0.22886900777786243,0.2264494587814886,0.23100546361880211,,,,40
