N,SOA,Acc,Acc_lo,Acc_hi,Conf_mean,Conf_lo,Conf_hi,IgnLat_mean,IgnLat_lo,IgnLat_hi,Trials
64,0,0.42857142857142855,0.2798456817718068,0.5914258885602508,0.24982972251939697,0.24471928389146055,0.25502307902909405,5.911764705882353,4.352941176470588,7.411764705882353,35
64,1,0.42857142857142855,0.2798456817718068,0.5914258885602508,0.24960650460275882,0.24449563009178318,0.2548304929989897,6.7272727272727275,4.909090909090909,8.424242424242424,35
64,2,0.6285714285714286,0.4633693684359532,0.7683418049663429,0.25397650636076924,0.24929561475160075,0.2584355628184195,6.5588235294117645,4.852205882352941,8.647058823529411,35
64,3,0.5714285714285714,0.4085741114397492,0.7201543182281931,0.2505222995443317,0.24651560982313206,0.25435705848454304,6.176470588235294,4.470588235294118,7.882352941176471,35
64,4,0.6571428571428571,0.4915194951399626,0.7916830501295105,0.2523233264140859,0.24793298024222227,0.2570662381640563,5.909090909090909,4.181060606060606,7.9393939393939394,35
64,6,0.5428571428571428,0.38189725068483754,0.6953398071159278,0.2514307457568806,0.24699009145756015,0.256710459055639,7.67741935483871,5.676612903225807,9.807258064516125,35
64,8,0.6,0.435727090128925,0.7444927114061941,0.25500874623055664,0.2501764461874286,0.2606020762943753,3.466666666666667,2.3666666666666667,4.600833333333329,35
64,10,0.7714285714285715,0.6098268310800976,0.879341201658083,0.25391839934235905,0.24948065289881768,0.2585068885163279,6.382352941176471,4.705882352941177,8.206617647058819,35
64,12,0.6571428571428571,0.4915194951399626,0.7916830501295105,0.25280806694029734,0.2485558898602962,0.2568918677881301,6.242424242424242,4.303030303030303,8.424242424242424,35
