N,SOA,Acc,Acc_lo,Acc_hi,Conf_mean,Conf_lo,Conf_hi,IgnLat_mean,IgnLat_lo,IgnLat_hi,Trials
64,0,0.42857142857142855,0.2798456817718068,0.5914258885602508,0.2492885973967313,0.24452388077639334,0.25463073695690736,5.878787878787879,4.424242424242424,7.606060606060606,35
64,1,0.4,0.2555072885938059,0.5642729098710749,0.2501575140566011,0.24491078452825366,0.25570083497701446,6.606060606060606,5.0590909090909095,8.303787878787874,35
64,2,0.6285714285714286,0.4633693684359532,0.7683418049663429,0.25341643339003883,0.24846093772134376,0.2583606651487546,6.617647058823529,4.763970588235294,8.412499999999996,35
64,3,0.5714285714285714,0.4085741114397492,0.7201543182281931,0.2502241306223911,0.2463218926129439,0.25402348649528,6.235294117647059,4.5588235294117645,8.000735294117643,35
64,4,0.6571428571428571,0.4915194951399626,0.7916830501295105,0.2524245416501873,0.24796552400312055,0.25718000606924607,5.848484848484849,4.090909090909091,7.818181818181818,35
64,6,0.5714285714285714,0.4085741114397492,0.7201543182281931,0.252187019904679,0.24686802036151867,0.2572046378040535,7.4375,5.43671875,9.53125,35
64,8,0.6,0.435727090128925,0.7444927114061941,0.2546004074975213,0.24956720730649115,0.259703891102197,3.6666666666666665,2.6,4.833333333333333,35
64,10,0.7714285714285715,0.6098268310800976,0.879341201658083,0.2540846064627596,0.2495464791044114,0.25884541886598617,6.411764705882353,4.705147058823529,8.147058823529411,35
64,12,0.6857142857142857,0.5202023638793081,0.8144915532573418,0.2527878466629513,0.2487144512769651,0.2568482342000284,5.8125,3.96875,7.75,35
