N,SOA,Acc,Acc_lo,Acc_hi,Conf_mean,Conf_lo,Conf_hi,IgnLat_mean,IgnLat_lo,IgnLat_hi,Trials
64,0,0.42857142857142855,0.2798456817718068,0.5914258885602508,0.24993870576508645,0.2451040288330244,0.2552212874433206,5.454545454545454,3.968939393939394,7.152272727272723,35
64,1,0.4,0.2555072885938059,0.5642729098710749,0.250163810161596,0.24530157238825162,0.2552047266238155,6.606060606060606,4.968939393939394,8.334090909090905,35
64,2,0.6571428571428571,0.4915194951399626,0.7916830501295105,0.25283061663122935,0.24815649465223152,0.25719304078496835,6.205882352941177,4.499264705882353,8.176470588235293,35
64,3,0.5714285714285714,0.4085741114397492,0.7201543182281931,0.24996541081989307,0.24595847973966078,0.25406825584710885,6.5588235294117645,4.852205882352941,8.412499999999996,35
64,4,0.6571428571428571,0.4915194951399626,0.7916830501295105,0.25176572343956855,0.24744258402727587,0.2566864818891693,6.090909090909091,4.212121212121212,7.909848484848481,35
64,6,0.5428571428571428,0.38189725068483754,0.6953398071159278,0.2528987682942248,0.2485980803633627,0.25737313798995415,7.4375,5.4359375,9.5,35
64,8,0.6285714285714286,0.4633693684359532,0.7683418049663429,0.25297297491107124,0.24870732105097476,0.257843869960204,4.0,2.933333333333333,5.166666666666667,35
64,10,0.8,0.6410838693433439,0.8995755352620137,0.25330145293010403,0.24898930571035174,0.2580456622965969,6.529411764705882,4.882352941176471,8.235294117647058,35
64,12,0.6857142857142857,0.5202023638793081,0.8144915532573418,0.2517599227930899,0.24742691578662693,0.2560732179900895,6.25,4.21796875,8.375,35
