Lag,T2Acc,T2_lo,T2_hi
2,0.75,0.30064184258240184,0.9544127391902995
3,1.0,0.5101091635454027,1.0
4,0.5,0.15003898915214947,0.8499610108478506
6,0.75,0.30064184258240184,0.9544127391902995
8,0.75,0.30064184258240184,0.9544127391902995
