SOA,ReportAcc,ReportAcc_lo,ReportAcc_hi,Conf_mean,Conf_lo,Conf_hi,IgnLat_mean,IgnLat_lo,IgnLat_hi
1,0.8,0.37553462976252533,0.9637758913675698,0.2930605393520908,0.27509450714366457,0.3121341146685409,,,
2,1.0,0.5655175352168251,1.0,0.26780828218103847,0.25569328190987417,0.277243542679213,,,
3,0.6,0.2307242812760128,0.882379225767352,0.275599324925803,0.26837365938168867,0.28132591447017774,,,
4,1.0,0.5655175352168251,1.0,0.28147630332575674,0.25791914275802497,0.3163211448294952,,,
6,0.6,0.2307242812760128,0.882379225767352,0.2722972637809113,0.25521517819444595,0.28927993733109514,,,
8,0.8,0.37553462976252533,0.9637758913675698,0.2689591756772211,0.25760367958397395,0.2847040831433639,,,
