SOA,AUC_mean,AUC_std
1,0.6,0.2
2,0.8,0.2449489742783178
3,0.8,0.2449489742783178
4,0.6,0.20000000000000004
6,0.8,0.2449489742783178
8,1.0,0.0
