N_nodes,accuracy,mean_confidence,n_trials,SOA
32,0.9666666666666667,0.28823072596065413,30,100
64,0.8666666666666667,0.26208381194167374,30,100
128,0.8,0.24273404779439145,30,100
256,0.8666666666666667,0.23080618681558066,30,100
