{
  "n": 360,
  "AUC": 0.5052508361204014,
  "AUC_CI95": [
    0.4362064860024682,
    0.5635581118394707
  ],
  "p_value": 0.8688319800124922,
  "effect_size": 0.16682571483431954,
  "ECE": 0.2626952182534573,
  "orientation": "normal",
  "significant": false
}