{
  "n": 360,
  "AUC": 0.5539062500000007,
  "AUC_CI95": [
    0.4894140685596789,
    0.6143302021394981
  ],
  "p_value": 0.09868831980012492,
  "effect_size": 1.679006127117161,
  "ECE": 0.2725952466884003,
  "orientation": "inverted",
  "significant": false
}