N,SOA,Acc,Acc_lo,Acc_hi,Conf_mean,Conf_lo,Conf_hi,IgnLat_mean,IgnLat_lo,IgnLat_hi,Trials
64,0,0.5,0.2537815976337061,0.7462184023662939,0.2444910739624071,0.23991089115343253,0.25047650105340796,4.916666666666667,3.0833333333333335,6.666666666666667,12
64,1,0.5,0.2537815976337061,0.7462184023662939,0.2571395098233083,0.24722121056209811,0.2678249438570508,6.916666666666667,4.33125,9.506249999999994,12
64,2,0.4166666666666667,0.19326031365875665,0.6804886874504503,0.2590030257595174,0.25195771308622905,0.26614685030707685,3.9166666666666665,1.75,6.502083333333331,12
64,3,0.4166666666666667,0.19326031365875665,0.6804886874504503,0.2546462571814564,0.24842320867472067,0.2615772615620902,6.0,3.5,8.916666666666666,12
64,4,0.6666666666666666,0.39062208887279953,0.8618799089087867,0.25260046257064994,0.24546224181441048,0.25923724547789756,5.5,2.8312500000000003,8.25,12
64,6,0.6666666666666666,0.39062208887279953,0.8618799089087867,0.26457477396990664,0.25328934587394575,0.2787759680210877,5.454545454545454,2.4545454545454546,9.0,12
64,8,0.5833333333333334,0.31951131254954973,0.8067396863412435,0.24798495681130986,0.24230775052164907,0.25368920301519804,6.083333333333333,3.497916666666667,9.002083333333331,12
64,10,0.6666666666666666,0.39062208887279953,0.8618799089087867,0.2530827156419831,0.2496862574171486,0.25687995702368893,4.181818181818182,2.272727272727273,6.454545454545454,12
64,12,0.5833333333333334,0.31951131254954973,0.8067396863412435,0.2594963615436467,0.25079130178300385,0.2679731795839884,4.333333333333333,2.0833333333333335,6.752083333333331,12
