N,SOA,Acc,Acc_lo,Acc_hi,Conf_mean,Conf_lo,Conf_hi,IgnLat_mean,IgnLat_lo,IgnLat_hi,Trials
64,0,0.6666666666666666,0.39062208887279953,0.8618799089087867,0.2458701268120225,0.23955041595154764,0.25269802371465183,8.25,4.914583333333334,11.502083333333331,12
64,1,0.5833333333333334,0.31951131254954973,0.8067396863412435,0.24646075307389256,0.23894607082457395,0.2551232681240148,9.3,5.4975000000000005,13.202499999999997,12
64,2,0.5833333333333334,0.31951131254954973,0.8067396863412435,0.2569534423494861,0.24661708366612858,0.2658598457150946,4.545454545454546,2.090909090909091,7.454545454545454,12
64,3,0.6666666666666666,0.39062208887279953,0.8618799089087867,0.25807525405705495,0.2492696049978101,0.26810127231513364,7.083333333333333,3.1666666666666665,10.835416666666665,12
64,4,0.9166666666666666,0.646120088858883,0.9851349055950829,0.2537745546682786,0.2462328410687037,0.2615440312298196,6.333333333333333,3.9125,8.75,12
64,6,0.9166666666666666,0.646120088858883,0.9851349055950829,0.2519814761373439,0.2445115187761485,0.2597918477011079,6.909090909090909,4.2727272727272725,9.363636363636363,12
64,8,0.6666666666666666,0.39062208887279953,0.8618799089087867,0.24352408349461394,0.23871672880992817,0.24816564519718926,6.454545454545454,4.090909090909091,9.093181818181817,12
64,10,0.6666666666666666,0.39062208887279953,0.8618799089087867,0.26134844652951217,0.2544958987875819,0.2690260450881996,3.727272727272727,0.8159090909090911,7.095454545454541,12
64,12,0.9166666666666666,0.646120088858883,0.9851349055950829,0.24715353556186,0.24165320509189145,0.25411939203190054,8.416666666666666,5.166666666666667,12.083333333333334,12
