N,SOA,Acc,Acc_lo,Acc_hi,Conf_mean,Conf_lo,Conf_hi,IgnLat_mean,IgnLat_lo,IgnLat_hi,Trials
64,0,0.5833333333333334,0.31951131254954973,0.8067396863412435,0.24745287064206703,0.24246073269594676,0.25404821191136673,7.583333333333333,4.333333333333333,10.75,12
64,1,0.5,0.2537815976337061,0.7462184023662939,0.24754304378085076,0.2390328174225152,0.25605463246556287,8.0,3.9975,12.704999999999995,12
64,2,0.6666666666666666,0.39062208887279953,0.8618799089087867,0.25884432299924953,0.2502300544565598,0.2663762814929224,4.545454545454546,2.090909090909091,7.4590909090909046,12
64,3,0.5833333333333334,0.31951131254954973,0.8067396863412435,0.25458111181917337,0.24886386578914127,0.25980481895544466,7.7272727272727275,4.181818181818182,11.911363636363633,12
64,4,0.9166666666666666,0.646120088858883,0.9851349055950829,0.2554469454716474,0.24742316399363035,0.26291498394507606,5.916666666666667,3.4145833333333333,8.333333333333334,12
64,6,0.8333333333333334,0.5519691377470266,0.9530348578161463,0.2492727544080756,0.24355540514188745,0.2557688772415177,7.166666666666667,4.833333333333333,9.502083333333331,12
64,8,0.6666666666666666,0.39062208887279953,0.8618799089087867,0.24709716801364381,0.24090436328430195,0.2546817030801979,6.0,3.8159090909090914,9.090909090909092,12
64,10,0.6666666666666666,0.39062208887279953,0.8618799089087867,0.2589978283085039,0.2518927139671737,0.26740973324718137,5.181818181818182,1.2727272727272727,9.727272727272727,12
64,12,0.9166666666666666,0.646120088858883,0.9851349055950829,0.24694573097563585,0.24188330728154098,0.2534111018664102,8.833333333333334,5.666666666666667,12.083333333333334,12
