N,SOA,Acc,Acc_lo,Acc_hi,Conf_mean,Conf_lo,Conf_hi,IgnLat_mean,IgnLat_lo,IgnLat_hi,Trials
64,0,0.5833333333333334,0.31951131254954973,0.8067396863412435,0.2485760852401198,0.2397880188404115,0.2601092068106205,6.545454545454546,3.8159090909090914,9.363636363636363,12
64,1,0.6666666666666666,0.39062208887279953,0.8618799089087867,0.2563858787497656,0.24625419942856278,0.26570069366112675,6.090909090909091,3.727272727272727,8.363636363636363,12
64,2,0.5833333333333334,0.31951131254954973,0.8067396863412435,0.2561997936118318,0.2474746347715854,0.26470223155709477,5.416666666666667,2.8312500000000003,9.002083333333331,12
64,3,0.5833333333333334,0.31951131254954973,0.8067396863412435,0.25166371703503393,0.24343058983816698,0.260234867372528,5.2727272727272725,3.0,7.545454545454546,12
64,4,0.75,0.46769466506643426,0.9110583316059453,0.25145208590267143,0.24522664283967266,0.2576722914946114,5.083333333333333,2.0833333333333335,8.335416666666665,12
64,6,0.6666666666666666,0.39062208887279953,0.8618799089087867,0.25670921899445726,0.24905960439753516,0.2638091121953965,3.0,1.1666666666666667,6.083333333333333,12
64,8,0.4166666666666667,0.19326031365875665,0.6804886874504503,0.24700403960337158,0.24139594962172417,0.2517601973336624,4.090909090909091,2.272727272727273,6.184090909090907,12
64,10,0.8333333333333334,0.5519691377470266,0.9530348578161463,0.2542326533107112,0.2448681417964438,0.26308317848521084,6.363636363636363,3.3613636363636368,10.272727272727273,12
64,12,0.5,0.2537815976337061,0.7462184023662939,0.25434601352242336,0.24803669010196988,0.26118133927083886,4.6,1.8975,8.002499999999998,12
