{
  "n": 360,
  "AUC": 0.5566574622844828,
  "AUC_CI95": [
    0.49355292583803406,
    0.6155832143922767
  ],
  "p_value": 0.0712054965646471,
  "effect_size": 1.7820292700447262,
  "ECE": 0.363344107227895,
  "orientation": "inverted",
  "significant": false
}