{
  "n": 360,
  "AUC": 0.5210631403227394,
  "AUC_CI95": [
    0.4613769669003134,
    0.581072884263107
  ],
  "p_value": 0.5265459088069956,
  "effect_size": 0.6631053742476656,
  "ECE": 0.2187562164862703,
  "orientation": "inverted",
  "significant": false
}