broadcast_gain,n,AUC,sAUC,sAUC_lo,sAUC_hi,by_SOA
0.0,360,0.4985959101382481,0.5014040898617519,0.5014508186864008,0.5651384503988284,"[{""SOA"": 1, ""n"": 60, ""AUC"": 0.5217013888888887, ""sAUC"": 0.5217013888888887}, {""SOA"": 2, ""n"": 60, ""AUC"": 0.295, ""sAUC"": 0.7050000000000001}, {""SOA"": 3, ""n"": 60, ""AUC"": 0.5891980360065467, ""sAUC"": 0.5891980360065467}, {""SOA"": 4, ""n"": 60, ""AUC"": 0.4180622009569378, ""sAUC"": 0.5819377990430622}, {""SOA"": 6, ""n"": 60, ""AUC"": 0.4877641824249167, ""sAUC"": 0.5122358175750833}, {""SOA"": 8, ""n"": 60, ""AUC"": 0.6001131221719458, ""sAUC"": 0.6001131221719458}]"
0.1,360,0.4495275288538663,0.5504724711461337,0.5023563878285263,0.6126609652089352,"[{""SOA"": 1, ""n"": 60, ""AUC"": 0.5057283142389525, ""sAUC"": 0.5057283142389525}, {""SOA"": 2, ""n"": 60, ""AUC"": 0.3927986906710311, ""sAUC"": 0.6072013093289689}, {""SOA"": 3, ""n"": 60, ""AUC"": 0.4922360248447204, ""sAUC"": 0.5077639751552796}, {""SOA"": 4, ""n"": 60, ""AUC"": 0.43008225616921275, ""sAUC"": 0.5699177438307872}, {""SOA"": 6, ""n"": 60, ""AUC"": 0.36666666666666664, ""sAUC"": 0.6333333333333333}, {""SOA"": 8, ""n"": 60, ""AUC"": 0.4751131221719457, ""sAUC"": 0.5248868778280543}]"
0.2,360,0.44609374999999907,0.5539062500000009,0.5039334056798143,0.616465461189974,"[{""SOA"": 1, ""n"": 60, ""AUC"": 0.36518518518518517, ""sAUC"": 0.6348148148148148}, {""SOA"": 2, ""n"": 60, ""AUC"": 0.49263502454991825, ""sAUC"": 0.5073649754500817}, {""SOA"": 3, ""n"": 60, ""AUC"": 0.5908385093167701, ""sAUC"": 0.5908385093167701}, {""SOA"": 4, ""n"": 60, ""AUC"": 0.5000000000000002, ""sAUC"": 0.5000000000000002}, {""SOA"": 6, ""n"": 60, ""AUC"": 0.28, ""sAUC"": 0.72}, {""SOA"": 8, ""n"": 60, ""AUC"": 0.4605714285714285, ""sAUC"": 0.5394285714285715}]"
0.3,360,0.43493712411153623,0.5650628758884637,0.5099371209802055,0.6260241836974392,"[{""SOA"": 1, ""n"": 60, ""AUC"": 0.4398084815321477, ""sAUC"": 0.5601915184678523}, {""SOA"": 2, ""n"": 60, ""AUC"": 0.4157119476268412, ""sAUC"": 0.5842880523731588}, {""SOA"": 3, ""n"": 60, ""AUC"": 0.42544459644322835, ""sAUC"": 0.5745554035567717}, {""SOA"": 4, ""n"": 60, ""AUC"": 0.3696172248803828, ""sAUC"": 0.6303827751196172}, {""SOA"": 6, ""n"": 60, ""AUC"": 0.43611111111111106, ""sAUC"": 0.5638888888888889}, {""SOA"": 8, ""n"": 60, ""AUC"": 0.4691428571428572, ""sAUC"": 0.5308571428571428}]"
