{
  "n": 360,
  "AUC": 0.4985959101382481,
  "ECE": 0.06813999312510483,
  "pos_rate": 0.6888888888888889,
  "prob_mean": 0.6908929237183761,
  "prob_std": 0.0979998456010636
}