{
  "n": 1200,
  "AUC": 0.49744948636190733,
  "ECE": 0.01167839267597479,
  "pos_rate": 0.7091666666666666,
  "prob_mean": 0.7093033472724772,
  "prob_std": 0.033805872583607184
}