{
  "n": 1200,
  "AUC": 0.49125417930700127,
  "ECE": 0.21982821142005107,
  "score_mean": 0.1450430727070027,
  "score_std": 0.061434718709035635
}