N,SOA,Acc,Acc_lo,Acc_hi,Conf_mean,Conf_lo,Conf_hi,IgnLat_mean,IgnLat_lo,IgnLat_hi,Trials
64,0,0.4166666666666667,0.19326031365875665,0.6804886874504503,0.2428553396244164,0.23499012728909052,0.25180840499442064,4.416666666666667,2.5833333333333335,6.668749999999998,12
64,1,0.3333333333333333,0.13812009109121315,0.6093779111272004,0.25997552413778957,0.2510983100986885,0.268003362649995,6.083333333333333,3.6645833333333333,8.752083333333331,12
64,2,0.5,0.2537815976337061,0.7462184023662939,0.25667634289935715,0.24800271896149792,0.26478196691662687,5.7272727272727275,2.4545454545454546,9.365909090909089,12
64,3,0.6666666666666666,0.39062208887279953,0.8618799089087867,0.25159995933546037,0.2474772531295638,0.25600309563974694,6.583333333333333,3.8333333333333335,9.416666666666666,12
64,4,0.75,0.46769466506643426,0.9110583316059453,0.25208003739306517,0.2448922722079305,0.26006544603602993,6.333333333333333,3.1666666666666665,9.585416666666665,12
64,6,0.4166666666666667,0.19326031365875665,0.6804886874504503,0.25041371416459485,0.2428028620745695,0.2575434658909999,5.75,3.6666666666666665,7.833333333333333,12
64,8,0.5833333333333334,0.31951131254954973,0.8067396863412435,0.25910050636341747,0.25495336191902324,0.2635140384954858,2.5833333333333335,1.5,4.0,12
64,10,0.6666666666666666,0.39062208887279953,0.8618799089087867,0.2477696410719384,0.2405234926959352,0.255064702741542,7.1,3.7975,11.204999999999995,12
64,12,0.75,0.46769466506643426,0.9110583316059453,0.2578225979153093,0.2514737629058999,0.26416783266250576,4.666666666666667,1.08125,9.25,12
