{
  "n": 360,
  "AUC": 0.49859591013824867,
  "AUC_CI95": [
    0.4303403321957276,
    0.5661255698243159
  ],
  "p_value": 0.9700187382885697,
  "effect_size": -0.04187893348249853,
  "ECE": 0.17330574431667495,
  "orientation": "normal",
  "significant": false
}