{
  "n": 360,
  "AUC": 0.5230434782608695,
  "AUC_CI95": [
    0.4606741535921259,
    0.5836307775166468
  ],
  "p_value": 0.4540911930043723,
  "effect_size": 0.7455715474120057,
  "ECE": 0.32675343289272335,
  "orientation": "inverted",
  "significant": false
}