N,SOA,Acc,Acc_lo,Acc_hi,Conf_mean,Conf_lo,Conf_hi,IgnLat_mean,IgnLat_lo,IgnLat_hi,Trials
64,0,0.4166666666666667,0.19326031365875665,0.6804886874504503,0.24747110934196606,0.23778332423161558,0.2598279806614962,6.916666666666667,3.8333333333333335,10.083333333333334,12
64,1,0.5,0.2537815976337061,0.7462184023662939,0.2592561134283134,0.2490865478896234,0.2704471713361509,4.333333333333333,2.8333333333333335,6.252083333333331,12
64,2,0.5,0.2537815976337061,0.7462184023662939,0.2608848446934139,0.2506092169334797,0.2715476044309549,5.0,2.4545454545454546,7.818181818181818,12
64,3,0.5,0.2537815976337061,0.7462184023662939,0.249915732225104,0.24435630860058222,0.2556473094673029,5.181818181818182,3.090909090909091,7.363636363636363,12
64,4,0.9166666666666666,0.646120088858883,0.9851349055950829,0.2491840825324253,0.24404133376716103,0.2559316845307954,3.272727272727273,1.1818181818181819,5.181818181818182,12
64,6,0.8333333333333334,0.5519691377470266,0.9530348578161463,0.25634988020944827,0.24697039473815904,0.26546182915298616,6.666666666666667,4.083333333333333,9.754166666666663,12
64,8,0.4166666666666667,0.19326031365875665,0.6804886874504503,0.25546786685982353,0.2481210677034548,0.2634503896004387,3.3636363636363638,1.5431818181818182,5.8204545454545435,12
64,10,0.6666666666666666,0.39062208887279953,0.8618799089087867,0.2528179682785157,0.24645274135377432,0.25977502334857394,5.636363636363637,2.727272727272727,9.090909090909092,12
64,12,0.75,0.46769466506643426,0.9110583316059453,0.2562415536487919,0.24800901132210704,0.26550214511269105,5.7272727272727275,2.1818181818181817,9.909090909090908,12
