N,SOA,Acc,Acc_lo,Acc_hi,Conf_mean,Conf_lo,Conf_hi,IgnLat_mean,IgnLat_lo,IgnLat_hi,Trials
64,0,0.4166666666666667,0.19326031365875665,0.6804886874504503,0.24520363234599718,0.23593340752686273,0.2554509898672465,4.5,2.6666666666666665,6.752083333333331,12
64,1,0.25,0.08894166839405471,0.5323053349335657,0.25532014226252997,0.24686040076401497,0.2637585235817847,8.166666666666666,4.747916666666667,11.668749999999998,12
64,2,0.5,0.2537815976337061,0.7462184023662939,0.25332596082433534,0.24354182003968244,0.26229076472031176,5.545454545454546,2.1818181818181817,9.45681818181818,12
64,3,0.6666666666666666,0.39062208887279953,0.8618799089087867,0.2498153792385088,0.24598526714152816,0.2540575334444195,6.583333333333333,3.6666666666666665,9.418749999999998,12
64,4,0.6666666666666666,0.39062208887279953,0.8618799089087867,0.25349252531254246,0.24727239582318675,0.2608439167131219,5.666666666666667,2.5,9.085416666666665,12
64,6,0.4166666666666667,0.19326031365875665,0.6804886874504503,0.25403593825798154,0.24869540083276973,0.259787194679596,5.75,3.0812500000000003,8.083333333333334,12
64,8,0.5,0.2537815976337061,0.7462184023662939,0.2578017761888792,0.2530980765375914,0.2624659808531441,3.0833333333333335,1.5833333333333333,4.5,12
64,10,0.75,0.46769466506643426,0.9110583316059453,0.24649417349829614,0.23993226430642653,0.25363534701623214,6.4,3.3975,10.102499999999997,12
64,12,0.8333333333333334,0.5519691377470266,0.9530348578161463,0.25272599523630407,0.24681009332971252,0.25922955554631827,5.454545454545454,1.9954545454545458,9.636363636363637,12
