N,SOA,Acc,Acc_lo,Acc_hi,Conf_mean,Conf_lo,Conf_hi,IgnLat_mean,IgnLat_lo,IgnLat_hi,Trials
64,0,0.6,0.31267376973365824,0.8318196702937638,0.2580869760430341,0.24976000967270032,0.2684436277421986,,,,10
64,1,0.7,0.39677814746114537,0.8922087325936989,0.26195841419675936,0.2560285169664712,0.2676220230340621,,,,10
64,2,0.7,0.39677814746114537,0.8922087325936989,0.26019915873340504,0.2516638220668195,0.26784759108517897,,,,10
64,3,0.7,0.39677814746114537,0.8922087325936989,0.2500581277138212,0.24563706422993087,0.2552747476117111,,,,10
64,4,0.8,0.49016247153664183,0.9433178485456247,0.24928337034972978,0.2413466744407761,0.2586766608931854,,,,10
64,6,0.8,0.49016247153664183,0.9433178485456247,0.25266270563123466,0.24687340159968568,0.25972330837970453,,,,10
64,8,0.8,0.49016247153664183,0.9433178485456247,0.26102204449279603,0.2554126009435548,0.267113356850224,,,,10
64,10,0.8,0.49016247153664183,0.9433178485456247,0.25700735283370374,0.2471127670347869,0.2690969551319481,,,,10
64,12,0.8,0.49016247153664183,0.9433178485456247,0.25914646833733124,0.2530252631502858,0.26528905543373205,,,,10
