N,SOA,Acc,Acc_lo,Acc_hi,Conf_mean,Conf_lo,Conf_hi,IgnLat_mean,IgnLat_lo,IgnLat_hi,Trials
64,0,0.6666666666666666,0.39062208887279953,0.8618799089087867,0.25072882946280356,0.24288577949859327,0.25991421834052325,5.666666666666667,3.3333333333333335,8.416666666666666,12
64,1,0.4166666666666667,0.19326031365875665,0.6804886874504503,0.24640022332841513,0.23831644115843173,0.2535515829724296,3.727272727272727,2.090909090909091,5.454545454545454,12
64,2,0.3333333333333333,0.13812009109121315,0.6093779111272004,0.2590351171418885,0.24865377380753081,0.26804270467561797,4.0,1.58125,6.833333333333333,12
64,3,0.6666666666666666,0.39062208887279953,0.8618799089087867,0.24970879968708146,0.24453160856298325,0.2553231676086868,9.1,6.4975000000000005,11.7,12
64,4,0.8333333333333334,0.5519691377470266,0.9530348578161463,0.2521866817521301,0.24488920557929275,0.2608928972276267,5.2727272727272725,2.6340909090909093,8.820454545454544,12
64,6,0.5833333333333334,0.31951131254954973,0.8067396863412435,0.2571508069948358,0.24993499727987167,0.26571640319299233,7.636363636363637,3.9954545454545456,11.727272727272727,12
64,8,0.5833333333333334,0.31951131254954973,0.8067396863412435,0.25511210319896316,0.24648186652623566,0.263886783387195,7.75,3.997916666666667,11.916666666666666,12
64,10,0.5,0.2537815976337061,0.7462184023662939,0.2575134958031448,0.2508063678893075,0.2655070724655379,10.0,6.666666666666667,13.25,12
64,12,0.8333333333333334,0.5519691377470266,0.9530348578161463,0.25242177497120677,0.2466345432701301,0.2591597785283026,2.909090909090909,1.3636363636363635,5.090909090909091,12
