{
  "n": 360,
  "AUC": 0.5504724711461341,
  "AUC_CI95": [
    0.4887015254373924,
    0.6129079357014914
  ],
  "p_value": 0.11805121798875702,
  "effect_size": 1.5527664239371226,
  "ECE": 0.3486022754245129,
  "orientation": "inverted",
  "significant": false
}